Mary,Heuristic,Heuristic3,Heuristic3,14
Mary,Heuristic,Heuristic3,Heuristic3,34
Mary,Heuristic,Heuristic3,Heuristic3,10
Mary,Heuristic,Heuristic3,Heuristic3,18
Mary,Heuristic,Heuristic3,Heuristic,15
Mary,Heuristic,Heuristic3,Heuristic,17
Mary,Heuristic,Heuristic3,Heuristic3,38
Mary,Heuristic,Heuristic3,Heuristic3,28
Mary,Heuristic,Heuristic3,Heuristic3,22
Mary,Heuristic,Heuristic3,Heuristic,29
Mary,Heuristic,Heuristic3,Heuristic3,32
Mary,Heuristic,Heuristic3,Heuristic3,20
Mary,Heuristic,Heuristic3,Heuristic,29
Mary,Heuristic,Heuristic3,Heuristic3,32
Mary,Heuristic,Heuristic3,Heuristic3,24
Mary,Heuristic,Heuristic3,Heuristic3,26
Mary,Heuristic,Heuristic3,Heuristic3,20
Mary,Heuristic,Heuristic3,Heuristic3,18
Mary,Heuristic,Heuristic3,Heuristic3,12
Mary,Heuristic,Heuristic3,Heuristic3,18
Mary,Heuristic,Heuristic3,Heuristic3,30
Mary,Heuristic,Heuristic3,Heuristic3,14
Mary,Heuristic,Heuristic3,Heuristic3,18
Mary,Heuristic,Heuristic3,Heuristic,19
Mary,Heuristic,Heuristic3,Heuristic,15
Mary,Heuristic,Heuristic3,Heuristic3,12
Mary,Heuristic,Heuristic3,Heuristic,7
Mary,Heuristic,Heuristic3,Heuristic3,18
Mary,Heuristic,Heuristic3,Heuristic3,24
Mary,Heuristic,Heuristic3,Heuristic3,10
Mary,Heuristic,Heuristic3,Heuristic3,18
Mary,Heuristic,Heuristic3,Heuristic,29
Mary,Heuristic,Heuristic3,Heuristic3,20
Mary,Heuristic,Heuristic3,Heuristic3,30
Mary,Heuristic,Heuristic3,Heuristic,11
Mary,Heuristic,Heuristic3,Heuristic,17
Mary,Heuristic,Heuristic3,Heuristic3,16
Mary,Heuristic,Heuristic3,Heuristic3,18
Mary,Heuristic,Heuristic3,Heuristic3,28
Mary,Heuristic,Heuristic3,Heuristic3,18
Mary,Heuristic,Heuristic3,Heuristic,17
Mary,Heuristic,Heuristic3,Heuristic3,20
Mary,Heuristic,Heuristic3,Heuristic,19
Mary,Heuristic,Heuristic3,Heuristic3,6
Mary,Heuristic,Heuristic3,Heuristic,33
Mary,Heuristic,Heuristic3,Heuristic3,28
Mary,Heuristic,Heuristic3,Heuristic3,20
Mary,Heuristic,Heuristic3,Heuristic,19
Mary,Heuristic,Heuristic3,Heuristic3,36
Mary,Heuristic,Heuristic3,Heuristic,15
Mary,Heuristic,Heuristic3,Heuristic,21
Mary,Heuristic,Heuristic3,Heuristic3,24
Mary,Heuristic,Heuristic3,Heuristic3,24
Mary,Heuristic,Heuristic3,Heuristic,7
Mary,Heuristic,Heuristic3,Heuristic3,28
Mary,Heuristic,Heuristic3,Heuristic,15
Mary,Heuristic,Heuristic3,Heuristic,29
Mary,Heuristic,Heuristic3,Heuristic,19
Mary,Heuristic,Heuristic3,Heuristic3,12
Mary,Heuristic,Heuristic3,Heuristic3,34
Mary,Heuristic,Heuristic3,Heuristic3,26
Mary,Heuristic,Heuristic3,Heuristic3,8
Mary,Heuristic,Heuristic3,Heuristic3,18
Mary,Heuristic,Heuristic3,Heuristic,21
Mary,Heuristic,Heuristic3,Heuristic,23
Mary,Heuristic,Heuristic3,Heuristic3,8
Mary,Heuristic,Heuristic3,Heuristic3,22
Mary,Heuristic,Heuristic3,Heuristic3,14
Mary,Heuristic,Heuristic3,Heuristic3,18
Mary,Heuristic,Heuristic3,Heuristic3,18
Mary,Heuristic,Heuristic3,Heuristic,15
Mary,Heuristic,Heuristic3,Heuristic3,18
Mary,Heuristic,Heuristic3,Heuristic3,20
Mary,Heuristic,Heuristic3,Heuristic,17
Mary,Heuristic,Heuristic3,Heuristic3,22
Mary,Heuristic,Heuristic3,Heuristic3,34
Mary,Heuristic,Heuristic3,Heuristic,23
Mary,Heuristic,Heuristic3,Heuristic3,26
Mary,Heuristic,Heuristic3,Heuristic,15
Mary,Heuristic,Heuristic3,Heuristic3,22
Mary,Heuristic,Heuristic3,Heuristic3,20
Mary,Heuristic,Heuristic3,Heuristic3,16
Mary,Heuristic,Heuristic3,Heuristic3,36
Mary,Heuristic,Heuristic3,Heuristic,35
Mary,Heuristic,Heuristic3,Heuristic3,10
Mary,Heuristic,Heuristic3,Heuristic3,30
Mary,Heuristic,Heuristic3,Heuristic3,16
Mary,Heuristic,Heuristic3,Heuristic3,24
Mary,Heuristic,Heuristic3,Heuristic,13
Mary,Heuristic,Heuristic3,Heuristic,13
Mary,Heuristic,Heuristic3,Heuristic3,22
Mary,Heuristic,Heuristic3,Heuristic3,16
Mary,Heuristic,Heuristic3,Heuristic3,18
Mary,Heuristic,Heuristic3,Heuristic3,14
Mary,Heuristic,Heuristic3,Heuristic3,12
Mary,Heuristic,Heuristic3,Heuristic3,10
Mary,Heuristic,Heuristic3,Heuristic3,16
Mary,Heuristic,Heuristic3,Heuristic3,32
Mary,Heuristic,Heuristic3,Heuristic,21
Mary,Heuristic,Heuristic3,Heuristic3,22
