Kanchan,SAStrategy,Strategy,Strategy,28
Kanchan,SAStrategy,Strategy,SAStrategy,31
Kanchan,SAStrategy,Strategy,SAStrategy,21
Kanchan,SAStrategy,Strategy,SAStrategy,21
Kanchan,SAStrategy,Strategy,SAStrategy,157
Kanchan,SAStrategy,Strategy,SAStrategy,25
Kanchan,SAStrategy,Strategy,SAStrategy,39
Kanchan,SAStrategy,Strategy,SAStrategy,19
Kanchan,SAStrategy,Strategy,SAStrategy,25
Kanchan,SAStrategy,Strategy,Strategy,54
Kanchan,SAStrategy,Strategy,SAStrategy,33
Kanchan,SAStrategy,Strategy,SAStrategy,19
Kanchan,SAStrategy,Strategy,SAStrategy,25
Kanchan,SAStrategy,Strategy,SAStrategy,19
Kanchan,SAStrategy,Strategy,Strategy,30
Kanchan,SAStrategy,Strategy,SAStrategy,17
Kanchan,SAStrategy,Strategy,Strategy,24
Kanchan,SAStrategy,Strategy,SAStrategy,15
Kanchan,SAStrategy,Strategy,Strategy,34
Kanchan,SAStrategy,Strategy,SAStrategy,41
Kanchan,SAStrategy,Strategy,Strategy,8
Kanchan,SAStrategy,Strategy,Strategy,22
Kanchan,SAStrategy,Strategy,SAStrategy,31
Kanchan,SAStrategy,Strategy,Strategy,48
Kanchan,SAStrategy,Strategy,Strategy,18
Kanchan,SAStrategy,Strategy,Strategy,32
Kanchan,SAStrategy,Strategy,Strategy,10
Kanchan,SAStrategy,Strategy,SAStrategy,17
Kanchan,SAStrategy,Strategy,Strategy,30
Kanchan,SAStrategy,Strategy,SAStrategy,15
Kanchan,SAStrategy,Strategy,SAStrategy,125
Kanchan,SAStrategy,Strategy,SAStrategy,25
Kanchan,SAStrategy,Strategy,SAStrategy,11
Kanchan,SAStrategy,Strategy,SAStrategy,17
Kanchan,SAStrategy,Strategy,SAStrategy,25
Kanchan,SAStrategy,Strategy,SAStrategy,21
Kanchan,SAStrategy,Strategy,SAStrategy,17
Kanchan,SAStrategy,Strategy,Strategy,36
Kanchan,SAStrategy,Strategy,Strategy,14
Kanchan,SAStrategy,Strategy,Strategy,68
Kanchan,SAStrategy,Strategy,Strategy,42
Kanchan,SAStrategy,Strategy,Strategy,24
Kanchan,SAStrategy,Strategy,SAStrategy,31
Kanchan,SAStrategy,Strategy,SAStrategy,29
Kanchan,SAStrategy,Strategy,Strategy,12
Kanchan,SAStrategy,Strategy,SAStrategy,13
Kanchan,SAStrategy,Strategy,Strategy,16
Kanchan,SAStrategy,Strategy,Strategy,16
Kanchan,SAStrategy,Strategy,Strategy,34
Kanchan,SAStrategy,Strategy,Strategy,14
Kanchan,SAStrategy,Strategy,Strategy,24
Kanchan,SAStrategy,Strategy,Strategy,24
Kanchan,SAStrategy,Strategy,SAStrategy,29
Kanchan,SAStrategy,Strategy,SAStrategy,19
Kanchan,SAStrategy,Strategy,SAStrategy,35
Kanchan,SAStrategy,Strategy,SAStrategy,27
Kanchan,SAStrategy,Strategy,Strategy,30
Kanchan,SAStrategy,Strategy,Strategy,28
Kanchan,SAStrategy,Strategy,SAStrategy,33
Kanchan,SAStrategy,Strategy,Strategy,22
Kanchan,SAStrategy,Strategy,SAStrategy,75
Kanchan,SAStrategy,Strategy,SAStrategy,31
Kanchan,SAStrategy,Strategy,Strategy,24
Kanchan,SAStrategy,Strategy,Strategy,22
Kanchan,SAStrategy,Strategy,SAStrategy,27
Kanchan,SAStrategy,Strategy,SAStrategy,65
Kanchan,SAStrategy,Strategy,SAStrategy,17
Kanchan,SAStrategy,Strategy,Strategy,34
Kanchan,SAStrategy,Strategy,SAStrategy,27
Kanchan,SAStrategy,Strategy,SAStrategy,37
Kanchan,SAStrategy,Strategy,Strategy,16
Kanchan,SAStrategy,Strategy,Strategy,54
Kanchan,SAStrategy,Strategy,SAStrategy,53
Kanchan,SAStrategy,Strategy,Strategy,6
Kanchan,SAStrategy,Strategy,Strategy,34
Kanchan,SAStrategy,Strategy,SAStrategy,33
Kanchan,SAStrategy,Strategy,SAStrategy,45
Kanchan,SAStrategy,Strategy,SAStrategy,15
Kanchan,SAStrategy,Strategy,Strategy,54
Kanchan,SAStrategy,Strategy,SAStrategy,11
Kanchan,SAStrategy,Strategy,SAStrategy,41
Kanchan,SAStrategy,Strategy,Strategy,34
Kanchan,SAStrategy,Strategy,SAStrategy,139
Kanchan,SAStrategy,Strategy,SAStrategy,41
Kanchan,SAStrategy,Strategy,SAStrategy,35
Kanchan,SAStrategy,Strategy,Strategy,42
Kanchan,SAStrategy,Strategy,SAStrategy,35
Kanchan,SAStrategy,Strategy,SAStrategy,31
Kanchan,SAStrategy,Strategy,SAStrategy,25
Kanchan,SAStrategy,Strategy,SAStrategy,33
Kanchan,SAStrategy,Strategy,Strategy,10
Kanchan,SAStrategy,Strategy,SAStrategy,19
Kanchan,SAStrategy,Strategy,Strategy,76
Kanchan,SAStrategy,Strategy,Strategy,44
Kanchan,SAStrategy,Strategy,Strategy,34
Kanchan,SAStrategy,Strategy,Strategy,46
Kanchan,SAStrategy,Strategy,SAStrategy,21
Kanchan,SAStrategy,Strategy,SAStrategy,41
Kanchan,SAStrategy,Strategy,SAStrategy,15
Kanchan,SAStrategy,Strategy,Strategy,52
Kanchan,SAStrategy,Strategy,Strategy,38
Kanchan,SAStrategy,Strategy,Strategy,14
Kanchan,SAStrategy,Strategy,SAStrategy,23
Kanchan,SAStrategy,Strategy,Strategy,20
Kanchan,SAStrategy,Strategy,Strategy,32
Kanchan,SAStrategy,Strategy,Strategy,16
Kanchan,SAStrategy,Strategy,SAStrategy,13
Kanchan,SAStrategy,Strategy,SAStrategy,13
Kanchan,SAStrategy,Strategy,SAStrategy,19
Kanchan,SAStrategy,Strategy,Strategy,10
Kanchan,SAStrategy,Strategy,SAStrategy,23
Kanchan,SAStrategy,Strategy,Strategy,20
Kanchan,SAStrategy,Strategy,SAStrategy,105
Kanchan,SAStrategy,Strategy,SAStrategy,17
Kanchan,SAStrategy,Strategy,Strategy,28
Kanchan,SAStrategy,Strategy,Strategy,50
Kanchan,SAStrategy,Strategy,Strategy,16
Kanchan,SAStrategy,Strategy,SAStrategy,135
Kanchan,SAStrategy,Strategy,SAStrategy,51
Kanchan,SAStrategy,Strategy,SAStrategy,31
Kanchan,SAStrategy,Strategy,SAStrategy,31
Kanchan,SAStrategy,Strategy,SAStrategy,23
Kanchan,SAStrategy,Strategy,SAStrategy,21
Kanchan,SAStrategy,Strategy,SAStrategy,31
Kanchan,SAStrategy,Strategy,SAStrategy,29
Kanchan,SAStrategy,Strategy,Strategy,52
Kanchan,SAStrategy,Strategy,SAStrategy,19
Kanchan,SAStrategy,Strategy,Strategy,32
Kanchan,SAStrategy,Strategy,Strategy,6
Kanchan,SAStrategy,Strategy,Strategy,44
Kanchan,SAStrategy,Strategy,SAStrategy,27
Kanchan,SAStrategy,Strategy,Strategy,26
Kanchan,SAStrategy,Strategy,SAStrategy,43
Kanchan,SAStrategy,Strategy,SAStrategy,11
Kanchan,SAStrategy,Strategy,SAStrategy,21
Kanchan,SAStrategy,Strategy,Strategy,20
Kanchan,SAStrategy,Strategy,Strategy,54
Kanchan,SAStrategy,Strategy,Strategy,28
Kanchan,SAStrategy,Strategy,Strategy,50
Kanchan,SAStrategy,Strategy,Strategy,14
Kanchan,SAStrategy,Strategy,SAStrategy,29
Kanchan,SAStrategy,Strategy,Strategy,40
Kanchan,SAStrategy,Strategy,Strategy,34
Kanchan,SAStrategy,Strategy,SAStrategy,27
Kanchan,SAStrategy,Strategy,Strategy,28
Kanchan,SAStrategy,Strategy,SAStrategy,21
Kanchan,SAStrategy,Strategy,SAStrategy,25
Kanchan,SAStrategy,Strategy,Strategy,16
Kanchan,SAStrategy,Strategy,SAStrategy,27
Kanchan,SAStrategy,Strategy,Strategy,32
Kanchan,SAStrategy,Strategy,SAStrategy,17
Kanchan,SAStrategy,Strategy,SAStrategy,33
Kanchan,SAStrategy,Strategy,SAStrategy,51
Kanchan,SAStrategy,Strategy,Strategy,20
Kanchan,SAStrategy,Strategy,Strategy,28
Kanchan,SAStrategy,Strategy,Strategy,20
Kanchan,SAStrategy,Strategy,Strategy,22
Kanchan,SAStrategy,Strategy,SAStrategy,29
Kanchan,SAStrategy,Strategy,SAStrategy,21
Kanchan,SAStrategy,Strategy,Strategy,18
Kanchan,SAStrategy,Strategy,SAStrategy,43
Kanchan,SAStrategy,Strategy,SAStrategy,29
Kanchan,SAStrategy,Strategy,SAStrategy,33
Kanchan,SAStrategy,Strategy,SAStrategy,11
Kanchan,SAStrategy,Strategy,SAStrategy,51
Kanchan,SAStrategy,Strategy,SAStrategy,21
Kanchan,SAStrategy,Strategy,SAStrategy,11
Kanchan,SAStrategy,Strategy,SAStrategy,41
Kanchan,SAStrategy,Strategy,Strategy,38
Kanchan,SAStrategy,Strategy,Strategy,46
Kanchan,SAStrategy,Strategy,SAStrategy,29
Kanchan,SAStrategy,Strategy,SAStrategy,11
Kanchan,SAStrategy,Strategy,Strategy,10
Kanchan,SAStrategy,Strategy,Strategy,20
Kanchan,SAStrategy,Strategy,SAStrategy,21
Kanchan,SAStrategy,Strategy,SAStrategy,53
Kanchan,SAStrategy,Strategy,Strategy,82
Kanchan,SAStrategy,Strategy,SAStrategy,23
Kanchan,SAStrategy,Strategy,Strategy,22
Kanchan,SAStrategy,Strategy,SAStrategy,13
Kanchan,SAStrategy,Strategy,Strategy,62
Kanchan,SAStrategy,Strategy,Strategy,18
Kanchan,SAStrategy,Strategy,SAStrategy,37
Kanchan,SAStrategy,Strategy,Strategy,32
Kanchan,SAStrategy,Strategy,SAStrategy,23
Kanchan,SAStrategy,Strategy,SAStrategy,51
Kanchan,SAStrategy,Strategy,SAStrategy,33
Kanchan,SAStrategy,Strategy,SAStrategy,37
Kanchan,SAStrategy,Strategy,SAStrategy,37
Kanchan,SAStrategy,Strategy,SAStrategy,11
Kanchan,SAStrategy,Strategy,Strategy,10
Kanchan,SAStrategy,Strategy,Strategy,22
Kanchan,SAStrategy,Strategy,SAStrategy,23
Kanchan,SAStrategy,Strategy,SAStrategy,37
Kanchan,SAStrategy,Strategy,SAStrategy,19
Kanchan,SAStrategy,Strategy,Strategy,20
Kanchan,SAStrategy,Strategy,Strategy,10
Kanchan,SAStrategy,Strategy,SAStrategy,19
Kanchan,SAStrategy,Strategy,Strategy,28
Kanchan,SAStrategy,Strategy,Strategy,28
